[
   {
      "rank":1,
      "rating":9.2,
      "title":"The Shawshank Redemption",
      "year":1994
   },
   {
      "rank":2,
      "rating":9.2,
      "title":"The Godfather",
      "year":1972
   },
   {
      "rank":3,
      "rating":9,
      "title":"The Godfather: Part II",
      "year":1974
   },
   {
      "rank":4,
      "rating":8.9,
      "title":"Il buono, il brutto, il cattivo.",
      "year":1966
   },
   {
      "rank":5,
      "rating":8.9,
      "title":"Pulp Fiction",
      "year":1994
   },
   {
      "rank":6,
      "rating":8.9,
      "title":"12 Angry Men",
      "year":1957
   },
   {
      "rank":7,
      "rating":8.9,
      "title":"Schindler's List",
      "year":1993
   },
   {
      "rank":8,
      "rating":8.8,
      "title":"One Flew Over the Cuckoo's Nest",
      "year":1975
   },
   {
      "rank":9,
      "rating":8.8,
      "title":"Inception",
      "year":2010
   },
   {
      "rank":10,
      "rating":8.8,
      "title":"The Dark Knight",
      "year":2008
   },
   {
      "rank":11,
      "rating":8.8,
      "title":"The Lord of the Rings: The Return of the King",
      "year":2003
   },
   {
      "rank":12,
      "rating":8.8,
      "title":"Star Wars: Episode V - The Empire Strikes Back",
      "year":1980
   },
   {
      "rank":13,
      "rating":8.8,
      "title":"Shichinin no samurai",
      "year":1954
   },
   {
      "rank":14,
      "rating":8.8,
      "title":"Fight Club",
      "year":1999
   },
   {
      "rank":15,
      "rating":8.7,
      "title":"Goodfellas",
      "year":1990
   },
   {
      "rank":16,
      "rating":8.7,
      "title":"Star Wars",
      "year":1977
   },
   {
      "rank":17,
      "rating":8.7,
      "title":"The Lord of the Rings: The Fellowship of the Ring",
      "year":2001
   },
   {
      "rank":18,
      "rating":8.7,
      "title":"Casablanca",
      "year":1942
   },
   {
      "rank":19,
      "rating":8.7,
      "title":"Cidade de Deus",
      "year":2002
   },
   {
      "rank":20,
      "rating":8.7,
      "title":"C'era una volta il West",
      "year":1968
   },
   {
      "rank":21,
      "rating":8.7,
      "title":"Rear Window",
      "year":1954
   },
   {
      "rank":22,
      "rating":8.7,
      "title":"The Matrix",
      "year":1999
   },
   {
      "rank":23,
      "rating":8.7,
      "title":"Raiders of the Lost Ark",
      "year":1981
   },
   {
      "rank":24,
      "rating":8.7,
      "title":"The Usual Suspects",
      "year":1995
   },
   {
      "rank":25,
      "rating":8.7,
      "title":"Psycho",
      "year":1960
   },
   {
      "rank":26,
      "rating":8.7,
      "title":"The Silence of the Lambs",
      "year":1991
   },
   {
      "rank":27,
      "rating":8.6,
      "title":"Se7en",
      "year":1995
   },
   {
      "rank":28,
      "rating":8.6,
      "title":"It's a Wonderful Life",
      "year":1946
   },
   {
      "rank":29,
      "rating":8.6,
      "title":"The Lord of the Rings: The Two Towers",
      "year":2002
   },
   {
      "rank":30,
      "rating":8.6,
      "title":"Memento",
      "year":2000
   },
   {
      "rank":31,
      "rating":8.6,
      "title":"Forrest Gump",
      "year":1994
   },
   {
      "rank":32,
      "rating":8.6,
      "title":"Sunset Blvd.",
      "year":1950
   },
   {
      "rank":33,
      "rating":8.6,
      "title":"Leon",
      "year":1994
   },
   {
      "rank":34,
      "rating":8.6,
      "title":"Dr. Strangelove or: How I Learned to Stop Worrying and Love the Bomb",
      "year":1964
   },
   {
      "rank":35,
      "rating":8.6,
      "title":"Apocalypse Now",
      "year":1979
   },
   {
      "rank":36,
      "rating":8.6,
      "title":"Toy Story 3",
      "year":2010
   },
   {
      "rank":37,
      "rating":8.5,
      "title":"American History X",
      "year":1998
   },
   {
      "rank":38,
      "rating":8.5,
      "title":"Citizen Kane",
      "year":1941
   },
   {
      "rank":39,
      "rating":8.5,
      "title":"North by Northwest",
      "year":1959
   },
   {
      "rank":40,
      "rating":8.5,
      "title":"American Beauty",
      "year":1999
   },
   {
      "rank":41,
      "rating":8.5,
      "title":"Terminator 2: Judgment Day",
      "year":1991
   },
   {
      "rank":42,
      "rating":8.5,
      "title":"Taxi Driver",
      "year":1976
   },
   {
      "rank":43,
      "rating":8.5,
      "title":"Saving Private Ryan",
      "year":1998
   },
   {
      "rank":44,
      "rating":8.5,
      "title":"Alien",
      "year":1979
   },
   {
      "rank":45,
      "rating":8.5,
      "title":"Vertigo",
      "year":1958
   },
   {
      "rank":46,
      "rating":8.5,
      "title":"Le fabuleux destin d'Amelie Poulain",
      "year":2001
   },
   {
      "rank":47,
      "rating":8.5,
      "title":"Sen to Chihiro no kamikakushi",
      "year":2001
   },
   {
      "rank":48,
      "rating":8.5,
      "title":"The Shining",
      "year":1980
   },
   {
      "rank":49,
      "rating":8.5,
      "title":"Paths of Glory",
      "year":1957
   },
   {
      "rank":50,
      "rating":8.5,
      "title":"City Lights",
      "year":1931
   },
   {
      "rank":51,
      "rating":8.5,
      "title":"WALL�E",
      "year":2008
   },
   {
      "rank":52,
      "rating":8.5,
      "title":"The Pianist",
      "year":2002
   },
   {
      "rank":53,
      "rating":8.5,
      "title":"M",
      "year":1931
   },
   {
      "rank":54,
      "rating":8.5,
      "title":"Double Indemnity",
      "year":1944
   },
   {
      "rank":55,
      "rating":8.5,
      "title":"Lawrence of Arabia",
      "year":1962
   },
   {
      "rank":56,
      "rating":8.5,
      "title":"Das Leben der Anderen",
      "year":2006
   },
   {
      "rank":57,
      "rating":8.4,
      "title":"The Departed",
      "year":2006
   },
   {
      "rank":58,
      "rating":8.4,
      "title":"A Clockwork Orange",
      "year":1971
   },
   {
      "rank":59,
      "rating":8.4,
      "title":"To Kill a Mockingbird",
      "year":1962
   },
   {
      "rank":60,
      "rating":8.4,
      "title":"Aliens",
      "year":1986
   },
   {
      "rank":61,
      "rating":8.4,
      "title":"Requiem for a Dream",
      "year":2000
   },
   {
      "rank":62,
      "rating":8.4,
      "title":"Eternal Sunshine of the Spotless Mind",
      "year":2004
   },
   {
      "rank":63,
      "rating":8.4,
      "title":"Das Boot",
      "year":1981
   },
   {
      "rank":64,
      "rating":8.4,
      "title":"Modern Times",
      "year":1936
   },
   {
      "rank":65,
      "rating":8.4,
      "title":"Reservoir Dogs",
      "year":1992
   },
   {
      "rank":66,
      "rating":8.4,
      "title":"La vita e bella",
      "year":1997
   },
   {
      "rank":67,
      "rating":8.4,
      "title":"Harry Potter and the Deathly Hallows: Part 2",
      "year":2011
   },
   {
      "rank":68,
      "rating":8.4,
      "title":"The Third Man",
      "year":1949
   },
   {
      "rank":69,
      "rating":8.4,
      "title":"L.A. Confidential",
      "year":1997
   },
   {
      "rank":70,
      "rating":8.4,
      "title":"Back to the Future",
      "year":1985
   },
   {
      "rank":71,
      "rating":8.4,
      "title":"Chinatown",
      "year":1974
   },
   {
      "rank":72,
      "rating":8.4,
      "title":"The Prestige",
      "year":2006
   },
   {
      "rank":73,
      "rating":8.4,
      "title":"The Treasure of the Sierra Madre",
      "year":1948
   },
   {
      "rank":74,
      "rating":8.4,
      "title":"Nuovo Cinema Paradiso",
      "year":1988
   },
   {
      "rank":75,
      "rating":8.4,
      "title":"The Green Mile",
      "year":1999
   },
   {
      "rank":76,
      "rating":8.4,
      "title":"Monty Python and the Holy Grail",
      "year":1975
   },
   {
      "rank":77,
      "rating":8.3,
      "title":"Raging Bull",
      "year":1980
   },
   {
      "rank":78,
      "rating":8.3,
      "title":"Once Upon a Time in America",
      "year":1984
   },
   {
      "rank":79,
      "rating":8.3,
      "title":"Rashomon",
      "year":1950
   },
   {
      "rank":80,
      "rating":8.3,
      "title":"Some Like It Hot",
      "year":1959
   },
   {
      "rank":81,
      "rating":8.3,
      "title":"El laberinto del fauno",
      "year":2006
   },
   {
      "rank":82,
      "rating":8.3,
      "title":"Singin' in the Rain",
      "year":1952
   },
   {
      "rank":83,
      "rating":8.3,
      "title":"Amadeus",
      "year":1984
   },
   {
      "rank":84,
      "rating":8.3,
      "title":"The Bridge on the River Kwai",
      "year":1957
   },
   {
      "rank":85,
      "rating":8.3,
      "title":"All About Eve",
      "year":1950
   },
   {
      "rank":86,
      "rating":8.3,
      "title":"Full Metal Jacket",
      "year":1987
   },
   {
      "rank":87,
      "rating":8.3,
      "title":"The Great Dictator",
      "year":1940
   },
   {
      "rank":88,
      "rating":8.3,
      "title":"Ladri di biciclette",
      "year":1948
   },
   {
      "rank":89,
      "rating":8.3,
      "title":"2001: A Space Odyssey",
      "year":1968
   },
   {
      "rank":90,
      "rating":8.3,
      "title":"Braveheart",
      "year":1995
   },
   {
      "rank":91,
      "rating":8.3,
      "title":"Gladiator",
      "year":2000
   },
   {
      "rank":92,
      "rating":8.3,
      "title":"The Apartment",
      "year":1960
   },
   {
      "rank":93,
      "rating":8.3,
      "title":"Inglourious Basterds",
      "year":2009
   },
   {
      "rank":94,
      "rating":8.3,
      "title":"Metropolis",
      "year":1927
   },
   {
      "rank":95,
      "rating":8.3,
      "title":"Der Untergang",
      "year":2004
   },
   {
      "rank":96,
      "rating":8.3,
      "title":"Oldeuboi",
      "year":2003
   },
   {
      "rank":97,
      "rating":8.3,
      "title":"Unforgiven",
      "year":1992
   },
   {
      "rank":98,
      "rating":8.3,
      "title":"The Sting",
      "year":1973
   },
   {
      "rank":99,
      "rating":8.3,
      "title":"Gran Torino",
      "year":2008
   },
   {
      "rank":100,
      "rating":8.3,
      "title":"Up",
      "year":2009
   },
   {
      "rank":101,
      "rating":8.3,
      "title":"The Elephant Man",
      "year":1980
   },
   {
      "rank":102,
      "rating":8.3,
      "title":"Mr. Smith Goes to Washington",
      "year":1939
   },
   {
      "rank":103,
      "rating":8.3,
      "title":"Black Swan",
      "year":2010
   },
   {
      "rank":104,
      "rating":8.3,
      "title":"The Maltese Falcon",
      "year":1941
   },
   {
      "rank":105,
      "rating":8.3,
      "title":"Star Wars: Episode VI - Return of the Jedi",
      "year":1983
   },
   {
      "rank":106,
      "rating":8.3,
      "title":"On the Waterfront",
      "year":1954
   },
   {
      "rank":107,
      "rating":8.3,
      "title":"Indiana Jones and the Last Crusade",
      "year":1989
   },
   {
      "rank":108,
      "rating":8.3,
      "title":"Mononoke-hime",
      "year":1997
   },
   {
      "rank":109,
      "rating":8.3,
      "title":"Rebecca",
      "year":1940
   },
   {
      "rank":110,
      "rating":8.3,
      "title":"Die Hard",
      "year":1988
   },
   {
      "rank":111,
      "rating":8.3,
      "title":"The Great Escape",
      "year":1963
   },
   {
      "rank":112,
      "rating":8.3,
      "title":"Sin City",
      "year":2005
   },
   {
      "rank":113,
      "rating":8.3,
      "title":"Det sjunde inseglet",
      "year":1957
   },
   {
      "rank":114,
      "rating":8.2,
      "title":"Batman Begins",
      "year":2005
   },
   {
      "rank":115,
      "rating":8.2,
      "title":"Heat",
      "year":1995
   },
   {
      "rank":116,
      "rating":8.2,
      "title":"The King's Speech",
      "year":2010
   },
   {
      "rank":117,
      "rating":8.2,
      "title":"Fargo",
      "year":1996
   },
   {
      "rank":118,
      "rating":8.2,
      "title":"The General",
      "year":1926
   },
   {
      "rank":119,
      "rating":8.2,
      "title":"Blade Runner",
      "year":1982
   },
   {
      "rank":120,
      "rating":8.2,
      "title":"Per qualche dollaro in piu",
      "year":1965
   },
   {
      "rank":121,
      "rating":8.2,
      "title":"Yojinbo",
      "year":1961
   },
   {
      "rank":122,
      "rating":8.2,
      "title":"Hotel Rwanda",
      "year":2004
   },
   {
      "rank":123,
      "rating":8.2,
      "title":"Jaws",
      "year":1975
   },
   {
      "rank":124,
      "rating":8.2,
      "title":"Hotaru no haka",
      "year":1988
   },
   {
      "rank":125,
      "rating":8.2,
      "title":"No Country for Old Men",
      "year":2007
   },
   {
      "rank":126,
      "rating":8.2,
      "title":"Ran",
      "year":1985
   },
   {
      "rank":127,
      "rating":8.2,
      "title":"Witness for the Prosecution",
      "year":1957
   },
   {
      "rank":128,
      "rating":8.2,
      "title":"Snatch.",
      "year":2000
   },
   {
      "rank":129,
      "rating":8.2,
      "title":"Touch of Evil",
      "year":1958
   },
   {
      "rank":130,
      "rating":8.2,
      "title":"The Wizard of Oz",
      "year":1939
   },
   {
      "rank":131,
      "rating":8.2,
      "title":"Smultronstallet",
      "year":1957
   },
   {
      "rank":132,
      "rating":8.2,
      "title":"The Lion King",
      "year":1994
   },
   {
      "rank":133,
      "rating":8.2,
      "title":"Slumdog Millionaire",
      "year":2008
   },
   {
      "rank":134,
      "rating":8.2,
      "title":"The Deer Hunter",
      "year":1978
   },
   {
      "rank":135,
      "rating":8.2,
      "title":"The Big Lebowski",
      "year":1998
   },
   {
      "rank":136,
      "rating":8.2,
      "title":"The Sixth Sense",
      "year":1999
   },
   {
      "rank":137,
      "rating":8.2,
      "title":"Cool Hand Luke",
      "year":1967
   },
   {
      "rank":138,
      "rating":8.2,
      "title":"Annie Hall",
      "year":1977
   },
   {
      "rank":139,
      "rating":8.2,
      "title":"Toy Story",
      "year":1995
   },
   {
      "rank":140,
      "rating":8.2,
      "title":"Strangers on a Train",
      "year":1951
   },
   {
      "rank":141,
      "rating":8.2,
      "title":"Kill Bill: Vol. 1",
      "year":2003
   },
   {
      "rank":142,
      "rating":8.2,
      "title":"Donnie Darko",
      "year":2001
   },
   {
      "rank":143,
      "rating":8.2,
      "title":"It Happened One Night",
      "year":1934
   },
   {
      "rank":144,
      "rating":8.2,
      "title":"High Noon",
      "year":1952
   },
   {
      "rank":145,
      "rating":8.2,
      "title":"Platoon",
      "year":1986
   },
   {
      "rank":146,
      "rating":8.2,
      "title":"Into the Wild",
      "year":2007
   },
   {
      "rank":147,
      "rating":8.1,
      "title":"Scarface",
      "year":1983
   },
   {
      "rank":148,
      "rating":8.1,
      "title":"Million Dollar Baby",
      "year":2004
   },
   {
      "rank":149,
      "rating":8.1,
      "title":"There Will Be Blood",
      "year":2007
   },
   {
      "rank":150,
      "rating":8.1,
      "title":"District 9",
      "year":2009
   },
   {
      "rank":151,
      "rating":8.1,
      "title":"Trainspotting",
      "year":1996
   },
   {
      "rank":152,
      "rating":8.1,
      "title":"The Gold Rush",
      "year":1925
   },
   {
      "rank":153,
      "rating":8.1,
      "title":"Butch Cassidy and the Sundance Kid",
      "year":1969
   },
   {
      "rank":154,
      "rating":8.1,
      "title":"Notorious",
      "year":1946
   },
   {
      "rank":155,
      "rating":8.1,
      "title":"Gone with the Wind",
      "year":1939
   },
   {
      "rank":156,
      "rating":8.1,
      "title":"The Grapes of Wrath",
      "year":1940
   },
   {
      "rank":157,
      "rating":8.1,
      "title":"Sunrise: A Song of Two Humans",
      "year":1927
   },
   {
      "rank":158,
      "rating":8.1,
      "title":"Ikiru",
      "year":1952
   },
   {
      "rank":159,
      "rating":8.1,
      "title":"The Kid",
      "year":1921
   },
   {
      "rank":160,
      "rating":8.1,
      "title":"Groundhog Day",
      "year":1993
   },
   {
      "rank":161,
      "rating":8.1,
      "title":"Le salaire de la peur",
      "year":1953
   },
   {
      "rank":162,
      "rating":8.1,
      "title":"El secreto de sus ojos",
      "year":2009
   },
   {
      "rank":163,
      "rating":8.1,
      "title":"Ben-Hur",
      "year":1959
   },
   {
      "rank":164,
      "rating":8.1,
      "title":"Amores perros",
      "year":2000
   },
   {
      "rank":165,
      "rating":8.1,
      "title":"The Big Sleep",
      "year":1946
   },
   {
      "rank":166,
      "rating":8.1,
      "title":"The Graduate",
      "year":1967
   },
   {
      "rank":167,
      "rating":8.1,
      "title":"Life of Brian",
      "year":1979
   },
   {
      "rank":168,
      "rating":8.1,
      "title":"Lock, Stock and Two Smoking Barrels",
      "year":1998
   },
   {
      "rank":169,
      "rating":8.1,
      "title":"Finding Nemo",
      "year":2003
   },
   {
      "rank":170,
      "rating":8.1,
      "title":"The Manchurian Candidate",
      "year":1962
   },
   {
      "rank":171,
      "rating":8.1,
      "title":"The Terminator",
      "year":1984
   },
   {
      "rank":172,
      "rating":8.1,
      "title":"The Best Years of Our Lives",
      "year":1946
   },
   {
      "rank":173,
      "rating":8.1,
      "title":"Casino",
      "year":1995
   },
   {
      "rank":174,
      "rating":8.1,
      "title":"The Thing",
      "year":1982
   },
   {
      "rank":175,
      "rating":8.1,
      "title":"The Bourne Ultimatum",
      "year":2007
   },
   {
      "rank":176,
      "rating":8.1,
      "title":"Stand by Me",
      "year":1986
   },
   {
      "rank":177,
      "rating":8.1,
      "title":"The Wrestler",
      "year":2008
   },
   {
      "rank":178,
      "rating":8.1,
      "title":"Dog Day Afternoon",
      "year":1975
   },
   {
      "rank":179,
      "rating":8.1,
      "title":"Twelve Monkeys",
      "year":1995
   },
   {
      "rank":180,
      "rating":8.1,
      "title":"How to Train Your Dragon",
      "year":2010
   },
   {
      "rank":181,
      "rating":8.1,
      "title":"V for Vendetta",
      "year":2006
   },
   {
      "rank":182,
      "rating":8.1,
      "title":"Les diaboliques",
      "year":1955
   },
   {
      "rank":183,
      "rating":8.1,
      "title":"Avatar",
      "year":2009
   },
   {
      "rank":184,
      "rating":8.1,
      "title":"Gandhi",
      "year":1982
   },
   {
      "rank":185,
      "rating":8.1,
      "title":"Tonari no Totoro",
      "year":1988
   },
   {
      "rank":186,
      "rating":8.1,
      "title":"Judgment at Nuremberg",
      "year":1961
   },
   {
      "rank":187,
      "rating":8.1,
      "title":"Ratatouille",
      "year":2007
   },
   {
      "rank":188,
      "rating":8.1,
      "title":"Good Will Hunting",
      "year":1997
   },
   {
      "rank":189,
      "rating":8.1,
      "title":"The Night of the Hunter",
      "year":1955
   },
   {
      "rank":190,
      "rating":8.1,
      "title":"Network",
      "year":1976
   },
   {
      "rank":191,
      "rating":8,
      "title":"8?",
      "year":1963
   },
   {
      "rank":192,
      "rating":8,
      "title":"The Princess Bride",
      "year":1987
   },
   {
      "rank":193,
      "rating":8,
      "title":"Les quatre cents coups",
      "year":1959
   },
   {
      "rank":194,
      "rating":8,
      "title":"La battaglia di Algeri",
      "year":1966
   },
   {
      "rank":195,
      "rating":8,
      "title":"The Killing",
      "year":1956
   },
   {
      "rank":196,
      "rating":8,
      "title":"The Hustler",
      "year":1961
   },
   {
      "rank":197,
      "rating":8,
      "title":"Star Trek",
      "year":2009
   },
   {
      "rank":198,
      "rating":8,
      "title":"Mary and Max",
      "year":2009
   },
   {
      "rank":199,
      "rating":8,
      "title":"La strada",
      "year":1954
   },
   {
      "rank":200,
      "rating":8,
      "title":"Dial M for Murder",
      "year":1954
   },
   {
      "rank":201,
      "rating":8,
      "title":"Who's Afraid of Virginia Woolf?",
      "year":1966
   },
   {
      "rank":202,
      "rating":8,
      "title":"The Social Network",
      "year":2010
   },
   {
      "rank":203,
      "rating":8,
      "title":"Le scaphandre et le papillon",
      "year":2007
   },
   {
      "rank":204,
      "rating":8,
      "title":"The Exorcist",
      "year":1973
   },
   {
      "rank":205,
      "rating":8,
      "title":"Persona",
      "year":1966
   },
   {
      "rank":206,
      "rating":8,
      "title":"The Wild Bunch",
      "year":1969
   },
   {
      "rank":207,
      "rating":8,
      "title":"A Streetcar Named Desire",
      "year":1951
   },
   {
      "rank":208,
      "rating":8,
      "title":"Stalag 17",
      "year":1953
   },
   {
      "rank":209,
      "rating":8,
      "title":"The Incredibles",
      "year":2004
   },
   {
      "rank":210,
      "rating":8,
      "title":"In Bruges",
      "year":2008
   },
   {
      "rank":211,
      "rating":8,
      "title":"Kind Hearts and Coronets",
      "year":1949
   },
   {
      "rank":212,
      "rating":8,
      "title":"Fanny och Alexander",
      "year":1982
   },
   {
      "rank":213,
      "rating":8,
      "title":"La passion de Jeanne d'Arc",
      "year":1928
   },
   {
      "rank":214,
      "rating":8,
      "title":"Barry Lyndon",
      "year":1975
   },
   {
      "rank":215,
      "rating":8,
      "title":"Rocky",
      "year":1976
   },
   {
      "rank":216,
      "rating":8,
      "title":"All Quiet on the Western Front",
      "year":1930
   },
   {
      "rank":217,
      "rating":8,
      "title":"The Truman Show",
      "year":1998
   },
   {
      "rank":218,
      "rating":8,
      "title":"Lat den ratte komma in",
      "year":2008
   },
   {
      "rank":219,
      "rating":8,
      "title":"Mystic River",
      "year":2003
   },
   {
      "rank":220,
      "rating":8,
      "title":"Ed Wood",
      "year":1994
   },
   {
      "rank":221,
      "rating":8,
      "title":"Big Fish",
      "year":2003
   },
   {
      "rank":222,
      "rating":8,
      "title":"Magnolia",
      "year":1999
   },
   {
      "rank":223,
      "rating":8,
      "title":"Le notti di Cabiria",
      "year":1957
   },
   {
      "rank":224,
      "rating":8,
      "title":"Sherlock Jr.",
      "year":1924
   },
   {
      "rank":225,
      "rating":8,
      "title":"Rosemary's Baby",
      "year":1968
   },
   {
      "rank":226,
      "rating":8,
      "title":"Children of Men",
      "year":2006
   },
   {
      "rank":227,
      "rating":8,
      "title":"Hauru no ugoku shiro",
      "year":2004
   },
   {
      "rank":228,
      "rating":8,
      "title":"Mou gaan dou",
      "year":2002
   },
   {
      "rank":229,
      "rating":8,
      "title":"Manhattan",
      "year":1979
   },
   {
      "rank":230,
      "rating":8,
      "title":"Festen",
      "year":1998
   },
   {
      "rank":231,
      "rating":8,
      "title":"Pirates of the Caribbean: The Curse of the Black Pearl",
      "year":2003
   },
   {
      "rank":232,
      "rating":8,
      "title":"Roman Holiday",
      "year":1953
   },
   {
      "rank":233,
      "rating":8,
      "title":"Kill Bill: Vol. 2",
      "year":2004
   },
   {
      "rank":234,
      "rating":8,
      "title":"Patton",
      "year":1970
   },
   {
      "rank":235,
      "rating":8,
      "title":"Rope",
      "year":1948
   },
   {
      "rank":236,
      "rating":8,
      "title":"The Man Who Shot Liberty Valance",
      "year":1962
   },
   {
      "rank":237,
      "rating":8,
      "title":"Sleuth",
      "year":1972
   },
   {
      "rank":238,
      "rating":8,
      "title":"His Girl Friday",
      "year":1940
   },
   {
      "rank":239,
      "rating":8,
      "title":"Letters from Iwo Jima",
      "year":2006
   },
   {
      "rank":240,
      "rating":8,
      "title":"Duck Soup",
      "year":1933
   },
   {
      "rank":241,
      "rating":8,
      "title":"Shutter Island",
      "year":2010
   },
   {
      "rank":242,
      "rating":8,
      "title":"Monsters, Inc.",
      "year":2001
   },
   {
      "rank":243,
      "rating":8,
      "title":"Harvey",
      "year":1950
   },
   {
      "rank":244,
      "rating":8,
      "title":"Rain Man",
      "year":1988
   },
   {
      "rank":245,
      "rating":8,
      "title":"Yip Man",
      "year":2008
   },
   {
      "rank":246,
      "rating":8,
      "title":"La grande illusion",
      "year":1937
   },
   {
      "rank":247,
      "rating":8,
      "title":"Bom yeoreum gaeul gyeoul geurigo bom",
      "year":2003
   },
   {
      "rank":248,
      "rating":8,
      "title":"Arsenic and Old Lace",
      "year":1944
   },
   {
      "rank":249,
      "rating":8,
      "title":"Jodaeiye Nader az Simin",
      "year":2011
   },
   {
      "rank":250,
      "rating":8,
      "title":"Tokyo monogatari",
      "year":1953
   }
]

